latent_dimension,item_dimension,sample_size,key,method,early_runtime,late_runtime,early_steps,late_steps,early_l_optimal,early_l_estimated,late_l_optimal,late_l_estimated,rmse_early_A,rmse_early_delta,rmse_early_sigma,rmse_late_A,rmse_late_delta,rmse_psi,rmse_late_sigma,rmse_theta,rmse_gain_estimated,rmse_gain_pred_train
2,10,30,2022-11-10 00:07:31.028317,late_em,3.23,11.33,10.0,8.0,-185.38,-174.46,-234.09,-219.5,1.1654348680298403,0.9904967019509804,0.0245366053071731,1.5597018984479207,1.8094610451939024,0.2347881225701164,0.2150323754693697,0.6883188951255897,0.7940766731350015,0.7275616674558273
2,10,30,2022-11-10 00:07:31.028317,initial,0.0,0.0,0.0,0.0,-184.83,-186.35,-230.7,-271.2,1.8132871445950736,0.5979703694691307,0.2631144332795143,0.6948632928359897,1.3102031093798423,0.2637696106453508,0.3549056987426378,0.7343150757414579,0.9563720096316628,0.7414646193612127
2,10,30,2022-11-10 00:07:31.028317,difference,2.3,2.82,8.0,9.0,-185.4,-176.27,-253.71,-240.3,1.2727441238028794,0.8225226420715535,0.1434012552246318,1.2608016564985436,1.624895510835996,0.3029925025367037,0.4334661395347335,0.6825754495159856,1.075948311598017,0.8143903416153895
2,10,30,2022-11-10 00:07:31.028317,real_early,,28.09,,14.0,,,-243.69,-234.24,,,,8.754521271127672,6.283982563314905,0.2957785573702056,0.4281816787299521,0.0,0.7969588896166988,0.7708300095592915
2,10,30,2022-11-10 00:07:31.028317,pure_competency,2.79,11.41,10.0,9.0,-184.9,-173.15,-234.48,-223.32,1.3977548506962298,1.1053508922653088,0.0904389573137594,1.4718705563311176,1.6892608713506967,0.3706855357330728,0.6303106302505621,0.714685111339323,0.8931601188562643,0.8102662414440039
3,10,30,2022-11-10 00:08:36.039240,late_em,2.76,17.05,9.0,8.0,-145.67,-133.16,-257.73,-240.15,1.8974528627881784,1.4410298667374284,0.3265314703227104,0.6799431599139591,1.200218042159071,0.2056002431905176,0.2113361803173113,0.9256338884089562,0.7677421555975679,0.7791457677196189
3,10,30,2022-11-10 00:08:36.039240,initial,0.0,0.0,0.0,0.0,-146.6,-150.33,-251.88,-306.05,1.890665559512054,0.9326667582600192,0.3332377496289665,0.9744270442552888,1.1129695256746608,0.2389874078505206,0.2246127680154349,0.8774851391646287,1.0887890978779553,0.8185756886763694
3,10,30,2022-11-10 00:08:36.039240,difference,2.77,2.55,8.0,8.0,-145.72,-133.78,-277.48,-281.29,1.4582024270560263,1.2206540899474072,0.3364452654841002,0.6629959525006144,0.8440404721193034,0.6299074803937619,0.7604973500524143,0.8787676688396809,1.5090550335041062,1.170764162991081
3,10,30,2022-11-10 00:08:36.039240,real_early,,29.71,,12.0,,,-324.3,-309.56,,,,0.7438927224606752,1.1172008857468654,0.4327345234410791,0.8754236288791845,0.0,0.997310374039759,1.0792410556598746
3,10,30,2022-11-10 00:08:36.039240,pure_competency,2.82,11.8,10.0,7.0,-145.25,-133.25,-264.77,-254.99,1.7691862624435908,1.5194178925517865,0.097767626998352,0.6834786310092013,0.8701110637396985,0.3047776945327181,0.4399417500645131,0.922715662721622,0.9338820414730606,0.8509767905675389
2,20,30,2022-11-10 00:09:49.516349,late_em,5.21,15.88,9.0,8.0,-306.0,-277.7,-368.32,-349.75,5.056097927920793,1.8453496788309167,0.0022627416997969,1.122076476418715,1.5358404736998108,0.3305231648462782,0.8835252939220246,0.5312623665416718,0.766105688078872,0.7014156439880013
2,20,30,2022-11-10 00:09:49.516349,initial,0.0,0.0,0.0,0.0,-305.31,-329.12,-367.89,-446.65,2.034719290477416,0.8177321293538216,0.037052395334175,0.8509855445722216,1.1836970657591264,0.23120649861109,0.1813938670407575,0.5508987385174536,1.029976310767255,0.6675074744778369
2,20,30,2022-11-10 00:09:49.516349,difference,4.5,4.79,8.0,9.0,-305.8,-278.18,-376.77,-351.62,4.243077914449898,1.5455526326918283,0.0077074639149333,1.0872915432007797,1.196074214695516,0.2377190942311629,0.2681467476513603,0.5371441835993496,0.7954785780054794,0.7050307793422559
2,20,30,2022-11-10 00:09:49.516349,real_early,,74.07,,23.0,,,-381.06,-379.78,,,,5.543692656758497,3.9120811076075097,0.5817083483155455,1.06591634990744,0.0,0.902960635072316,1.3564264730808977
2,20,30,2022-11-10 00:09:49.516349,pure_competency,4.47,18.51,8.0,9.0,-305.83,-281.1,-368.9,-350.45,4.41569121355783,1.5469412836331815,0.3906057859274488,1.2945241375250864,1.3889272744529464,0.3620295417840716,0.5859517996367445,0.5311580959016939,0.7375156014705342,0.7478068982136687
3,20,30,2022-11-10 00:12:00.206819,late_em,5.8,36.53,9.0,10.0,-298.3,-269.17,-405.83,-370.47,3.0768070063337416,1.803451086400701,0.1112308310576603,1.793353554717096,1.3950425481023734,0.2087763077235218,0.2685957764208349,0.5791707459899358,0.6502297866397507,0.8318655445526698
3,20,30,2022-11-10 00:12:00.206819,initial,0.0,0.0,0.0,0.0,-299.14,-319.94,-417.35,-539.45,1.7947101202061613,0.6465129472972316,0.1324687468382217,0.9724971942394302,1.4255551007576694,0.2030426173108602,0.3551549520983763,0.605985190903743,1.379328560107658,0.8482854498486998
3,20,30,2022-11-10 00:12:00.206819,difference,5.95,4.65,9.0,8.0,-299.01,-269.22,-429.85,-422.79,2.995070350463182,2.038326008817308,0.0919219536104164,1.2634703571079589,1.48154890637465,0.3026089994610599,0.4651492957218178,0.5901516441511105,0.9378695187302046,0.9091997972493644
3,20,30,2022-11-10 00:12:00.206819,real_early,,26.56,,8.0,,,-419.37,-399.36,,,,1.2141797323536303,1.4754159971498382,0.2629615519002308,0.4530090494558457,0.0,0.7043589510253695,0.9361381070542932
3,20,30,2022-11-10 00:12:00.206819,pure_competency,9.12,34.67,13.0,11.0,-298.9,-275.85,-415.69,-396.26,4.862084685948231,2.2612375561134592,0.358194813536495,1.6349496102422942,1.3829260970881752,0.2965272628349391,0.5594135256138757,0.62231476501387,0.7171159223296304,0.8885880619359823
2,10,100,2022-11-10 00:14:07.976394,late_em,1.47,24.3,6.0,9.0,-596.44,-586.25,-791.07,-786.71,0.7105188499991388,0.3415515358301158,0.1941008178756597,0.4580781456476981,0.747349152049555,0.2599987884587157,0.2285035612413951,0.7171205532636769,0.6892732638335157,0.7790391817199769
2,10,100,2022-11-10 00:14:07.976394,initial,0.0,0.0,0.0,0.0,-596.79,-596.92,-788.87,-897.69,0.7420916441149524,0.2831159775271598,0.0310419876940894,0.8047514485499996,1.2231648158116808,0.2750862591988193,0.375714812058295,0.6947837144631377,0.9271287298331344,0.7847047473901853
2,10,100,2022-11-10 00:14:07.976394,difference,1.55,1.93,6.0,7.0,-596.97,-586.89,-924.25,-919.69,0.7760172792025339,0.4084565975763316,0.1612203538638965,0.388240364923872,0.6894261804447845,0.3417275792958426,0.633919731592008,0.7939576792644629,0.9888667387196568,0.8699540194571971
2,10,100,2022-11-10 00:14:07.976394,real_early,,18.93,,7.0,,,-833.81,-829.57,,,,0.396518830168972,0.5928764479210489,0.2749143730327681,0.3755660061826682,0.0,0.564967807299742,0.8429178340666026
2,10,100,2022-11-10 00:14:07.976394,pure_competency,1.43,17.37,6.0,8.0,-597.48,-586.57,-792.08,-792.0,0.675837309660543,0.3530873789581693,0.3845953782873632,0.4414838495765739,0.7414716945185563,0.3269690289644927,0.5158554095945233,0.7480732185590193,0.7422994825804163,0.7992709746281236
3,10,100,2022-11-10 00:15:21.615949,late_em,2.67,39.98,8.0,8.0,-575.8,-568.9,-901.33,-881.75,0.5465837534977823,0.4049223912688463,0.167689653825154,0.6190577081794978,0.4998005413634763,0.1964057336796006,0.2212061833574178,0.5570599379029955,0.6845982619732816,0.7350724914795003
3,10,100,2022-11-10 00:15:21.615949,initial,0.0,0.0,0.0,0.0,-576.82,-594.48,-882.44,-1169.58,0.9590117439118292,0.5256708166826173,0.2342156698429889,0.9143083165809008,1.288224486224446,0.2350334857939277,0.3112811590829101,0.6250473266763965,1.1630875572875026,0.7574814833774507
3,10,100,2022-11-10 00:15:21.615949,difference,2.82,1.84,8.0,6.0,-577.09,-569.45,-1044.23,-1060.21,0.548277838481924,0.4232325896973916,0.1478896360278313,0.3560913034609398,0.5781577470378554,0.236158810691052,0.486421814618363,0.6202305343449033,1.0924196665549293,0.8878169321058942
3,10,100,2022-11-10 00:15:21.615949,real_early,,28.75,,7.0,,,-963.29,-943.1,,,,0.6556555582971606,0.5073609670951327,0.2349943450856259,0.3111803549926205,0.0,0.7955208561945196,0.8593582021308361
3,10,100,2022-11-10 00:15:21.615949,pure_competency,2.1,24.94,7.0,7.0,-576.63,-573.01,-921.64,-914.92,0.5713851096963033,0.4585671295452824,0.3181042491595064,0.4539028018295699,0.485272932503883,0.2630711681829423,0.3908436520384769,0.6060726520912946,0.7527445180592361,0.7847316054646444
2,20,100,2022-11-10 00:17:14.694270,late_em,4.99,32.21,8.0,8.0,-1087.13,-1066.77,-1115.86,-1098.84,0.7477313375343267,0.4655155936329978,0.0061520321845712,1.1521390075319498,0.7529818334260299,0.3256013436704461,0.4309394737083155,0.5384788663158118,0.6011323363351881,0.6928345227015789
2,20,100,2022-11-10 00:17:14.694270,initial,0.0,0.0,0.0,0.0,-1088.41,-1142.2,-1132.34,-1311.92,1.4745996574445164,0.5637982231243164,0.0997020561473032,1.766981424581783,1.619805801469385,0.2609047479445324,0.3535412493613722,0.6199851843892877,1.180751092812642,0.6309374177575033
2,20,100,2022-11-10 00:17:14.694270,difference,5.25,4.29,8.0,7.0,-1086.93,-1066.95,-1201.08,-1196.63,0.6829133924598184,0.4677098408601133,0.031607712666373,0.8235834676400753,0.9303093987602123,0.3389327001803865,0.636127081259544,0.5154110781377907,0.9820814902028144,0.707327467593007
2,20,100,2022-11-10 00:17:14.694270,real_early,,30.21,,8.0,,,-1160.69,-1135.47,,,,0.866500766500009,1.6136079841284774,0.3348707810484516,0.6108593332347473,0.0,0.6507155878096768,0.697151618873933
2,20,100,2022-11-10 00:17:14.694270,pure_competency,5.57,44.22,9.0,11.0,-1087.45,-1078.77,-1152.64,-1140.96,0.7740608574476845,0.4672530208716083,0.4532554467405769,1.2388498279461824,0.8014240812071903,0.4330725548234491,0.7764751225668711,0.5803692459561397,0.782275017020576,0.7261803715707563
3,20,100,2022-11-10 00:19:29.133567,late_em,5.95,64.04,8.0,8.0,-1048.84,-1024.62,-1177.06,-1159.48,0.7444255821417948,0.3656588649709224,0.1156784576122778,1.6613702737555622,1.8399977439754185,0.2895809788873111,0.2769502682994026,0.5847640014694973,0.747825782830785,0.7546243987600674
3,20,100,2022-11-10 00:19:29.133567,initial,0.0,0.0,0.0,0.0,-1044.82,-1118.76,-1153.61,-1554.51,1.3612798557175894,0.5770332264117914,0.2464719456652217,3.2459486684872534,1.294891462225134,0.2963699358721948,0.2384313924148598,0.6376735241995611,1.1636986114946164,0.7700151178169516
3,20,100,2022-11-10 00:19:29.133567,difference,5.34,5.99,7.0,8.0,-1047.06,-1029.07,-1298.79,-1278.44,0.6650075574180297,0.456609206344611,0.092164128958433,1.9520304838115148,0.6121556627572714,0.3334703243556963,0.3945461399957291,0.576587289838786,1.025532612582237,0.8343133939434616
3,20,100,2022-11-10 00:19:29.133567,real_early,,84.22,,10.0,,,-1241.57,-1232.25,,,,1.97066479189847,2.327301101989753,0.2621592688085283,0.28109251739122,0.0,0.6424995948138146,0.7297874489168461
3,20,100,2022-11-10 00:19:29.133567,pure_competency,5.47,56.14,8.0,8.0,-1047.06,-1033.06,-1217.4,-1204.58,0.8070964863057439,0.3923969822548998,0.2538012739658071,1.5975332718869055,1.8602602506514148,0.3480153509883721,0.4358528552477003,0.5927426870336437,0.7768387339468144,0.7934539571588418
2,10,200,2022-11-10 00:23:28.385151,late_em,2.75,24.61,8.0,7.0,-936.84,-927.38,-1402.3,-1396.32,1.189340090197598,0.2341380755710339,0.2493965617244953,0.4793829977763097,0.2987547823343169,0.5054334253885471,0.6386427170178957,0.7206969440729734,0.7467922777035348,0.84876016828781
2,10,200,2022-11-10 00:23:28.385151,initial,0.0,0.0,0.0,0.0,-936.71,-1024.66,-1391.99,-1767.08,2.4450424863159346,0.651776580916731,0.3535533905932738,1.2106670669841528,0.9896653855654122,0.3028382241395561,0.2573039059167193,0.7356362661979503,1.174855704380555,0.760552309851949
2,10,200,2022-11-10 00:23:28.385151,difference,2.71,1.8,8.0,6.0,-937.68,-926.74,-1537.77,-1548.05,1.2694253092823062,0.3105636824293439,0.2595081886954629,0.8684911991891882,0.2903198669277179,0.3660775196182724,0.713930033408195,0.7447011501090307,1.100739418699766,0.8400406653915964
2,10,200,2022-11-10 00:23:28.385151,real_early,,63.57,,14.0,,,-1514.53,-1524.38,,,,0.2996428817750437,0.3060627768430051,0.3316279127275024,0.5015681957620519,0.0,0.6794701631527806,0.7734375517821112
2,10,200,2022-11-10 00:23:28.385151,pure_competency,2.67,23.56,8.0,7.0,-936.79,-929.04,-1420.87,-1422.69,0.6812763674382001,0.2380317560649656,0.0,0.5309903424635799,0.2394807189739192,0.4014960336598756,0.5866494695970053,0.7101465553110194,0.7471599197207223,0.8022569578252349
2,20,200,2022-11-10 00:25:45.898977,late_em,5.58,90.06,8.0,11.0,-2141.93,-2127.74,-2081.22,-2074.74,0.2870776633652784,0.3231768853285737,0.0258093975133089,1.396709308519861,0.5427466534065943,0.2579332568708424,0.1721496732497625,0.5130581510494233,0.5554710590081268,0.660167947482726
2,20,200,2022-11-10 00:25:45.898977,initial,0.0,0.0,0.0,0.0,-2142.51,-2277.02,-2106.12,-2472.98,1.4750320716519807,0.5060915477495911,0.1945957861825379,2.278937409174253,2.079673382226952,0.2927834908255586,0.3543364150069817,0.6084540450160655,0.936858304720902,0.6971820086600136
2,20,200,2022-11-10 00:25:45.898977,difference,5.52,6.38,7.0,8.0,-2143.24,-2128.81,-2355.02,-2347.56,0.4285714475303294,0.2964578300123371,0.002192601194928,1.031939133414182,0.5442821112381099,0.1549313535606316,0.2523554555592184,0.5025305585527561,0.6941583623992398,0.62713025506469
2,20,200,2022-11-10 00:25:45.898977,real_early,,106.23,,11.0,,,-2245.3,-2261.68,,,,1.3034342360234263,1.1576938612204342,0.5290099644619183,0.5701043128235392,0.0,0.5530201690809746,0.9888095262351598
2,20,200,2022-11-10 00:25:45.898977,pure_competency,4.87,56.67,7.0,9.0,-2143.77,-2130.53,-2068.73,-2087.73,0.4261389656752211,0.261015421862003,0.1589576044107359,0.929680085812626,1.5879962717499492,0.2972882884853254,0.3690351079262463,0.5114072312785592,0.6225887644489293,0.6618338152927767
3,20,200,2022-11-10 00:30:37.230295,late_em,5.74,163.37,7.0,9.0,-1961.34,-1937.46,-2675.36,-2661.91,0.5811117429859545,0.3996305935974025,0.1829308612563774,0.4501158375239571,0.4891358359684877,0.2050883007660629,0.2190365266342579,0.5990973749914894,0.6355342798868053,0.7885239605822262
3,20,200,2022-11-10 00:30:37.230295,initial,0.0,0.0,0.0,0.0,-1965.6,-2095.32,-2672.93,-3420.64,1.3252719399462571,0.6793487521162389,0.3049662494987492,1.1345512816839518,1.3964651682395426,0.2087800171365917,0.2958485836444792,0.6692566000975103,1.2228912229684128,0.7921349901766791
3,20,200,2022-11-10 00:30:37.230295,difference,6.64,7.5,8.0,8.0,-1961.79,-1938.31,-2981.12,-2968.81,0.6389561678778805,0.4837154877976157,0.1451136259778676,0.3946452284875001,0.5535503816105124,0.1934670110576998,0.3330929710738614,0.6200051626660527,0.891245119253714,0.7868428515175179
3,20,200,2022-11-10 00:30:37.230295,real_early,,285.34,,12.0,,,-2781.84,-2801.11,,,,2.331954074089847,1.4269803405727388,0.3019997866077245,0.4857688636469909,0.0,0.6986302585661839,0.8602855710853452
3,20,200,2022-11-10 00:30:37.230295,pure_competency,5.87,176.92,7.0,11.0,-1964.52,-1954.12,-2746.29,-2758.84,0.6194536473143644,0.4293702314893019,0.2380102051967053,0.3557964377191392,0.6322399809117012,0.3505876560259603,0.6362521673466666,0.6009423048060617,0.7672812283928109,0.8943804640821459
2,10,30,2022-11-10 00:41:50.608414,late_em,3.44,19.05,11.0,10.0,-153.34,-135.07,-217.78,-201.08,3.567587933903063,1.45264809755934,0.0412950662912653,2.9830491993152464,2.776185251060584,0.1740896608072977,0.1339756414427637,0.6770183191922404,0.5874299442275603,0.6148879087510342
2,10,30,2022-11-10 00:41:50.608414,initial,0.0,0.0,0.0,0.0,-154.19,-160.02,-225.54,-249.74,4.433184828486434,0.6287352188162034,0.1013284017440322,2.450214843936873,1.730627378567979,0.2836698565233888,0.3646092908854628,0.5936472027122297,0.920171474689534,0.6399955842255822
2,10,30,2022-11-10 00:41:50.608414,difference,3.58,2.3,11.0,8.0,-153.99,-135.58,-242.18,-234.59,3.796088193479661,1.371642350733894,0.0340118361750729,4.463254052828916,3.2753485351557314,0.3585412774446585,0.7307071936205183,0.7634473072981496,0.9981752212765372,0.8521157735727266
2,10,30,2022-11-10 00:41:50.608414,real_early,,36.81,,18.0,,,-224.23,-213.69,,,,6.501366293343982,2.604770385192418,0.2523360259653781,0.5453176138728695,0.0,0.5124322424800611,0.6224695764113346
2,10,30,2022-11-10 00:41:50.608414,pure_competency,3.02,19.5,11.0,13.0,-153.38,-139.29,-222.59,-212.13,4.1830708524579086,1.2456818854093912,0.454881792337306,9.372205183648662,3.121957305799879,0.2803864977002598,0.3543048650110116,0.7337604452747496,0.6642395087250605,0.6126795814543053
2,10,30,2022-11-10 07:26:52.279486,late_em,3.09,9.67,9.0,8.0,-171.99,-159.46,-236.44,-227.88,16.125748460595425,4.0400850831106006,0.0597505230102632,0.4265733985690556,0.4988862315142835,0.1865959002765066,0.073357651271016,0.6698805584027263,0.5956699102092542,0.6732383404149668
2,10,30,2022-11-10 07:26:52.279486,initial,0.0,0.0,0.0,0.0,-172.27,-181.9,-229.5,-283.03,1.3619374318467097,0.5609140236291448,0.2091621858749807,0.9248963849180926,0.9476063786785304,0.3040759444612481,0.2525480944295561,0.6686749922759826,1.002335881226761,0.7149578459576046
2,10,30,2022-11-10 07:26:52.279486,difference,2.84,1.42,9.0,6.0,-171.74,-159.37,-269.89,-270.27,13.734308163658424,4.497063871247241,0.094823019357116,0.6893969575599812,0.471866225171011,0.6363008892400936,1.169726453141877,0.6642172146812197,1.251890548559866,1.140201297734993
2,10,30,2022-11-10 07:26:52.279486,real_early,,11.16,,8.0,,,-247.56,-243.21,,,,0.432725376222166,0.4980744079981464,0.3528885234744819,0.3359873025874638,0.0,0.5817095029467925,0.7458491964510048
2,10,30,2022-11-10 07:26:52.279486,pure_competency,2.97,6.88,9.0,6.0,-172.28,-159.42,-232.82,-230.99,13.426350083159267,3.1009202341688447,0.144391204718293,0.42154039168546,0.4216312705662451,0.4002830828518881,0.5786518864305605,0.6451117988295096,0.6271409465301584,0.7456130812824943
3,10,30,2022-11-10 07:27:33.377483,late_em,2.46,14.31,8.0,7.0,-160.71,-146.03,-228.54,-219.44,1.2991533582101895,2.25813967774026,0.286325801220296,1.7543379350960082,0.5701118665389359,0.4715127793720028,0.228487023701566,0.6133197124185173,0.7825108085451516,0.7881275972801063
3,10,30,2022-11-10 07:27:33.377483,initial,0.0,0.0,0.0,0.0,-160.59,-160.0,-226.15,-273.24,1.159606811610391,0.7127507842053693,0.2981287343115759,1.2456440850143031,1.474633149840203,0.2910340453547584,0.3445726403016415,0.6309699436101334,1.0660673441441526,0.6566614104501856
3,10,30,2022-11-10 07:27:33.377483,difference,2.08,2.44,7.0,8.0,-160.69,-146.0,-250.07,-242.04,1.2956184405047382,2.1022266795675897,0.3030125299939481,1.3647997092922464,1.3932504455495212,0.37188352740796,0.4690635725062973,0.6486107869925332,1.0771500983595763,0.7428968581537623
3,10,30,2022-11-10 07:27:33.377483,real_early,,11.22,,6.0,,,-245.93,-239.37,,,,1.3760824517715695,0.7715423008933615,0.3123523811338726,0.5092487538849098,0.0,0.7068553472706766,0.7666199709581977
3,10,30,2022-11-10 07:27:33.377483,pure_competency,2.57,9.32,9.0,6.0,-160.74,-147.33,-243.39,-236.56,1.449063229927742,1.8001477414912184,0.290732156230897,1.001765278237608,0.5505336029702459,0.3694739964297829,0.5709388569482753,0.6847496694541658,0.8018469678877685,0.7000319345290887
2,20,30,2022-11-10 07:28:22.838668,late_em,3.5,20.56,7.0,9.0,-315.35,-293.28,-401.89,-372.83,1.2349465213767563,0.782941623096785,0.0974393144475062,2.045445109382987,1.8244496712643088,0.3899714540835008,0.0807345341226417,0.5133039210839294,0.5806864216348417,0.78236564651786
2,20,30,2022-11-10 07:28:22.838668,initial,0.0,0.0,0.0,0.0,-313.84,-319.89,-429.76,-467.05,1.7699146679328053,0.5004926339946985,0.1381686650438514,1.5935174011383115,1.1479095523493683,0.3172845450065288,0.3697165535920727,0.5673892673780299,0.8154906968813863,0.7039291473667014
2,20,30,2022-11-10 07:28:22.838668,difference,3.63,3.86,7.0,7.0,-315.23,-292.95,-455.85,-419.35,1.2580340072279472,0.8205288055243148,0.0818122851410471,1.103902743995013,2.1674242834194173,0.3450848914990158,0.6945505367330174,0.5382710956767085,0.8169438277819705,0.6336427864156071
2,20,30,2022-11-10 07:28:22.838668,real_early,,23.55,,10.0,,,-401.22,-372.07,,,,2.5971819534853458,1.3069278611778348,0.2797860968668743,0.5755385695155452,0.0,0.5468696788883589,0.5913619301073471
2,20,30,2022-11-10 07:28:22.838668,pure_competency,3.56,15.69,7.0,8.0,-314.7,-293.4,-404.9,-378.3,1.1666189935444513,0.7590173622104264,0.2153847255494223,1.2949040546738737,1.3064047788252189,0.3517863468633363,0.4785675870321833,0.5411068748491923,0.6369572284931808,0.6880217000829011
3,20,30,2022-11-10 07:29:40.427094,late_em,5.69,35.85,9.0,8.0,-309.84,-290.67,-344.96,-311.56,1.3497765057204665,0.5610916797621954,0.1854325244155164,7.723346357244181,7.121701814172322,0.2668569029773572,0.3119889581379443,0.7046298047691525,0.689119445469844,0.7617279976469538
3,20,30,2022-11-10 07:29:40.427094,initial,0.0,0.0,0.0,0.0,-310.14,-320.49,-329.6,-392.28,1.4093203411073083,0.6339069443854852,0.3508186901140435,2.990519504174025,2.5534898690326884,0.2019847333339824,0.299867839407815,0.7655741285724224,1.2492562050020224,0.7781326654584485
3,20,30,2022-11-10 07:29:40.427094,difference,5.8,6.39,9.0,9.0,-310.49,-289.53,-802.94,-561.23,1.3879293435628337,0.6375283786149972,0.1176566095796482,4.533997546146664,3.321774131677596,0.3258769435697238,0.5746422249694212,0.754278298311505,1.0154535575520054,0.9052647183025696
3,20,30,2022-11-10 07:29:40.427094,real_early,,30.06,,7.0,,,-350.75,-324.08,,,,3.10696636733842,6.190671681141592,0.2714591784330668,0.3910034967163906,0.0,0.7055538261969871,0.8173518931100321
3,20,30,2022-11-10 07:29:40.427094,pure_competency,4.66,24.79,8.0,8.0,-310.54,-291.59,-338.81,-312.98,1.262040332178452,0.6912543332684042,0.1230464140070729,5.394446710455862,6.121283415179692,0.2720559182666246,0.4720032645720752,0.6857119504672143,0.7486163577719445,0.834940904642654
2,10,100,2022-11-10 07:31:38.149820,late_em,2.05,29.36,7.0,11.0,-521.35,-511.9,-737.8,-727.95,1.1427492904096137,0.6460143739022721,0.0019098429254784,0.506444200535037,0.6616446911828655,0.2536618073340959,0.1373353650739677,0.5771273919583912,0.6626139180538652,0.8065303164197479
2,10,100,2022-11-10 07:31:38.149820,initial,0.0,0.0,0.0,0.0,-521.15,-548.51,-756.02,-906.74,1.8286361614483424,0.8379437023426084,0.0123743686707645,0.9771928002727254,1.0792856174284595,0.1960442615839596,0.3596133687726306,0.6160751374561693,1.0306427978868105,0.7847438703236631
2,10,100,2022-11-10 07:31:38.149820,difference,1.97,1.82,7.0,6.0,-520.52,-511.82,-796.31,-796.91,1.0935229451442536,0.6918405288184737,0.0094753627898883,0.7528497890240778,0.7107611769347981,0.2897991061864582,0.4926722972146679,0.5749491541101184,1.060147783149771,0.8952634740330119
2,10,100,2022-11-10 07:31:38.149820,real_early,,16.6,,7.0,,,-761.83,-759.65,,,,0.4194380313710046,0.5758702691317211,0.19315717693112,0.3988217897758346,0.0,0.6719353106425334,0.8174934409501633
2,10,100,2022-11-10 07:31:38.149820,pure_competency,1.93,18.57,7.0,8.0,-520.41,-515.44,-755.14,-752.58,1.08600229108193,0.612770987678138,0.3411790219225091,0.4785721891848372,0.4186709226036797,0.3744424665109521,0.7324049480357312,0.6084995625427487,0.8020649924959559,0.8692741031306132
3,10,100,2022-11-10 07:32:57.278120,late_em,1.83,31.41,6.0,7.0,-587.29,-584.55,-626.48,-611.07,0.6237094040114143,0.2600883950382555,0.1160164978689573,1.463128896965,1.384748949696061,0.1382564645866514,0.2964157778076823,0.6241214377103177,0.6721866872891236,0.7337706938272117
3,10,100,2022-11-10 07:32:57.278120,initial,0.0,0.0,0.0,0.0,-589.02,-605.95,-646.07,-770.75,1.0688516140555469,0.3583934633948054,0.2087863394850236,2.375830788670879,2.516501035519903,0.3480745801309445,0.3904999050362667,0.6732598719499397,0.8981778010128484,0.8529752618486042
3,10,100,2022-11-10 07:32:57.278120,difference,1.67,2.36,6.0,7.0,-587.84,-586.06,-811.05,-818.88,0.6661822711211911,0.2707666159088161,0.1383397588869118,1.8422236177956284,1.1973903695602657,0.274598889580622,0.518968274618486,0.6821713989345524,0.9599865027781952,0.8382671611500475
3,10,100,2022-11-10 07:32:57.278120,real_early,,30.06,,7.0,,,-751.02,-710.67,,,,2.473768499347249,2.426280807448177,0.2219402822582888,0.4169844814591759,0.0,0.6651985879671696,0.7367669389809912
3,10,100,2022-11-10 07:32:57.278120,pure_competency,1.49,25.43,6.0,7.0,-586.74,-589.68,-640.06,-637.82,0.7267848748722473,0.2608197412055603,0.2979421308464671,1.0375707292990324,0.9194157308640027,0.2093452509821274,0.364987495663393,0.648273371012133,0.6968889103824016,0.728213413707457
2,20,100,2022-11-10 07:34:43.294614,late_em,3.93,28.04,7.0,7.0,-982.93,-960.47,-1327.28,-1328.74,1.6920265078739976,0.5914862215376713,0.0159099025766973,0.412967606402766,0.5942388333444664,0.4953311972811726,0.5213611248453417,0.4757724536283255,0.5892011173363595,0.8468263929353147
2,20,100,2022-11-10 07:34:43.294614,initial,0.0,0.0,0.0,0.0,-983.12,-1076.27,-1332.8,-1596.72,2.5116687927330075,0.528543858908646,0.3376434880165764,1.014939396577052,1.246585994466597,0.298456152558462,0.3571953107194998,0.6165362121989483,1.0625669351817797,0.738194984070785
2,20,100,2022-11-10 07:34:43.294614,difference,4.12,4.07,7.0,7.0,-985.38,-959.98,-1438.46,-1407.92,1.541897871101186,0.6973449808963005,0.0159099025766973,0.3918680758389866,0.5655325660642974,0.2249218760599151,0.309208339020423,0.4808431932223167,0.7984404807902232,0.6735477184543159
2,20,100,2022-11-10 07:34:43.294614,real_early,,29.36,,7.0,,,-1332.54,-1331.44,,,,0.5058905665408098,0.6735616675383967,0.3222333587634899,0.4015275986778493,0.0,0.6330710247544068,0.7657240954567507
2,20,100,2022-11-10 07:34:43.294614,pure_competency,4.01,19.33,7.0,6.0,-982.91,-959.9,-1311.9,-1317.62,1.354536386149925,0.64749018910756,0.0159099025766973,0.4879702884582802,0.6995556245585078,0.4110622763311699,0.6687099297081301,0.4806305665829118,0.6652832841017573,0.8113987824529262
3,20,100,2022-11-10 07:36:23.891621,late_em,3.93,48.88,6.0,7.0,-1021.11,-1000.64,-1231.01,-1222.96,1.514151400753909,0.3251720251983112,0.1155868696887516,0.661544547112305,0.7522130118519548,0.267281447583296,0.6064087317972919,0.6181110854620927,0.6538349443940231,0.836789222573743
3,20,100,2022-11-10 07:36:23.891621,initial,0.0,0.0,0.0,0.0,-1022.34,-1085.81,-1231.82,-1614.07,2.109070692444776,0.4009630283325224,0.2717324664690131,0.8771837945070813,1.3575099053744455,0.2387348785205509,0.4278265042955821,0.7071969148313716,1.1567550470669556,0.8284979858384443
3,20,100,2022-11-10 07:36:23.891621,difference,4.85,4.94,7.0,7.0,-1021.99,-1005.32,-1466.8,-1466.59,1.4796173529422847,0.3183727734817025,0.1027550863839731,0.6250060751580121,1.0410562964332708,0.1976071761772825,0.3690145132498832,0.654962038862366,0.8807175773655473,0.8481776246887764
3,20,100,2022-11-10 07:36:23.891621,real_early,,61.85,,8.0,,,-1427.84,-1330.68,,,,0.8056201253249472,0.853715588827202,0.3751419553537923,0.8897757595159705,0.0,0.8780288696154008,1.033397914267132
3,20,100,2022-11-10 07:36:23.891621,pure_competency,4.52,44.03,7.0,7.0,-1023.49,-999.79,-1257.58,-1236.21,1.4957791218387262,0.3261737648051359,0.1852766100246391,0.6398691232817059,0.7360010158847211,0.2576908496377343,0.4697621151571914,0.6304916700809746,0.7471246666024804,0.8227873550187084
2,10,200,2022-11-10 07:39:28.391592,late_em,2.43,29.81,7.0,7.0,-1099.71,-1088.29,-1369.15,-1353.79,1.2610325260227562,0.5513422535691581,0.1199253100892384,3.494358322938118,0.5409599194937196,0.2510169366795794,0.4017405319357259,0.6005849357592505,0.7094619498527064,0.7788317914491526
2,10,200,2022-11-10 07:39:28.391592,initial,0.0,0.0,0.0,0.0,-1101.67,-1174.73,-1465.36,-1660.64,2.4763382394080247,0.784215038909415,0.116531197539543,3.9246860792036,1.493305659489386,0.25103888269549,0.4017953801377014,0.6084903534476862,0.9731569089056452,0.755180869489278
2,10,200,2022-11-10 07:39:28.391592,difference,2.48,1.81,7.0,6.0,-1099.83,-1087.56,-1606.29,-1615.11,1.2037384206363535,0.582067017744089,0.1271377992573412,3.3094543206606977,0.46306395713408,0.2854631792910764,0.5911129415844968,0.5933038401471982,0.945538360096694,0.795162964855806
2,10,200,2022-11-10 07:39:28.391592,real_early,,27.48,,7.0,,,-1484.33,-1469.34,,,,3.574111127734527,0.6270821089951873,0.2510110455736958,0.4017331670400142,0.0,0.6424803619156442,0.7596857246535537
2,10,200,2022-11-10 07:39:28.391592,pure_competency,2.35,19.03,7.0,6.0,-1099.48,-1093.63,-1375.81,-1374.95,1.2035728345047765,0.5148020518362239,0.2370221930537307,3.360468267408036,0.5860480640541602,0.3064677928858602,0.5338983773203682,0.6113885763909664,0.7254933912142244,0.7447568351977325
3,10,200,2022-11-10 07:41:07.259414,late_em,2.11,70.14,6.0,7.0,-1183.08,-1184.48,-1320.11,-1281.2,1.1397049459930129,0.3050601952132946,0.1490716829805938,7.786388926219872,2.664651883203635,0.2340651120236987,0.1289393052736226,0.6330790021072421,0.608741830116091,0.6188517059782104
3,10,200,2022-11-10 07:41:07.259414,initial,0.0,0.0,0.0,0.0,-1182.08,-1221.9,-1314.4,-1702.41,1.3831643449853623,0.4405934582810967,0.2316788869678604,4.529086723190069,3.220478062616663,0.3234856256466429,0.2258217616961562,0.6905020386546956,0.9723715277642716,0.6855027131791119
3,10,200,2022-11-10 07:41:07.259414,difference,1.96,2.75,6.0,7.0,-1181.67,-1187.34,-1830.95,-1767.45,1.2061643162739604,0.3164233779733745,0.1291920491189591,1.795852013603455,1.0914740272799943,0.3399676879718308,0.8857092291927147,0.6824892381553598,1.1072942251562397,0.7277495285538628
3,10,200,2022-11-10 07:41:07.259414,real_early,,68.19,,7.0,,,-1548.06,-1423.97,,,,4.614341080533492,2.5494204004764653,0.2505426177985161,0.2877467559427135,0.0,0.7311794892944898,0.7505992172161128
3,10,200,2022-11-10 07:41:07.259414,pure_competency,1.88,53.74,6.0,7.0,-1181.65,-1185.89,-1306.72,-1323.82,1.0348207404766712,0.2946445879142301,0.3010123585502761,5.95611917402041,4.986552318144719,0.2835565550560135,0.3914489858842721,0.6652546400015279,0.6849037534849752,0.6052687810774268
2,20,200,2022-11-10 07:44:47.081254,late_em,4.79,48.19,7.0,7.0,-2024.39,-2005.76,-2640.52,-2625.91,0.4959349555840239,0.620078661657984,0.035991769892574,0.9843029410224138,0.3332318591356666,0.1544950970095815,0.288938812726847,0.6409737133073594,0.6974964208109704,0.7443011607924762
2,20,200,2022-11-10 07:44:47.081254,initial,0.0,0.0,0.0,0.0,-2023.51,-2287.22,-2621.67,-3167.02,2.18045490439744,0.5171687605075149,0.2279712262545429,1.749997717423739,1.0875585491153288,0.1164148938065916,0.17805250630081,0.699484632793191,1.1483197134265808,0.7339882372465621
2,20,200,2022-11-10 07:44:47.081254,difference,5.13,4.72,7.0,7.0,-2023.09,-2004.77,-2844.88,-2808.38,0.8373246486984132,0.5091820874393518,0.0165462986797652,1.1694394132140182,0.3477713106124402,0.2754422501977181,0.5377469445683623,0.7153962622763723,0.9809572649913372,0.8377226051680077
2,20,200,2022-11-10 07:44:47.081254,real_early,,52.0,,8.0,,,-2636.44,-2636.63,,,,0.9531178745234298,0.4429636855621905,0.1774053057267454,0.3951602712824253,0.0,0.595246267029218,0.7736552567393223
2,20,200,2022-11-10 07:44:47.081254,pure_competency,5.32,43.23,7.0,7.0,-2025.27,-2009.71,-2618.41,-2615.14,0.5157609047503964,0.6260779119136803,0.1255821643387308,0.99177776430282,0.476240592796482,0.3266629499871005,0.6358676879486014,0.6444138646253238,0.7543582872246551,0.8011763275057695
2,10,30,2022-11-10 08:08:50.407894,late_em,1.96,9.74,7.0,7.0,-156.56,-149.12,-199.98,-186.56,1.0663980542244855,0.5154125214961859,0.0094046531036503,2.145992837960072,2.306432964334375,0.2731503111841537,0.1509755857746543,0.7723072788293511,0.6221070349456838,0.7298539122841976
2,10,30,2022-11-10 08:08:50.407894,initial,0.0,0.0,0.0,0.0,-156.64,-160.43,-193.11,-219.97,1.4358750776961795,0.6553678001392889,0.0463862048458375,1.2840288313962258,1.4403376944177713,0.3473025338231784,0.3970727641125742,0.7805313837722463,0.8893472196687184,0.8127604555464523
2,10,30,2022-11-10 08:08:50.407894,difference,1.91,2.71,7.0,9.0,-156.65,-148.75,-212.78,-195.99,1.0415677698650014,0.5444100803324319,0.0057982756057296,2.317746141880136,2.2668227724558285,0.3133526124833468,0.5550689055369843,0.8204522470946332,0.8508839840331893,0.7984729959657219
2,10,30,2022-11-10 08:08:50.407894,real_early,,23.18,,13.0,,,-209.41,-198.67,,,,3.9363403452938632,4.53597023054829,0.4635329545997781,0.5339598557007821,0.0,0.6564284377416351,0.944693849469009
2,10,30,2022-11-10 08:08:50.407894,pure_competency,1.72,10.42,7.0,8.0,-156.98,-148.3,-212.11,-193.21,1.1415950174162206,0.6136510289155481,0.3071671857474362,2.0861469302343614,1.490664525687357,0.4853037506631866,0.7856650059860281,0.873206561275843,0.7026199021294776,0.8321028092422851
3,10,30,2022-11-10 08:09:45.145419,late_em,2.97,18.96,9.0,8.0,-185.51,-175.18,-235.5,-224.17,0.6753470816005426,0.5321078431074355,0.1303191168717092,1.0761308130471494,1.799874315712443,0.2816552581516,0.2497625961677297,0.776561339452216,0.8320418112447092,0.97419923164165
3,10,30,2022-11-10 08:09:45.145419,initial,0.0,0.0,0.0,0.0,-185.32,-185.38,-225.59,-274.0,0.4998499088502308,0.4248481692748541,0.2071705577537503,0.9582328429080766,1.5913840821506209,0.2467581114280857,0.3276614512979314,0.7320253528164798,1.1215583470496988,1.039322901503234
3,10,30,2022-11-10 08:09:45.145419,difference,2.01,1.81,7.0,7.0,-185.3,-176.07,-270.24,-269.69,0.5598707160145467,0.3538852062551803,0.1003143282111007,0.6412052333612409,1.1848763227196604,0.3440874120590817,0.5155555283930097,0.8154774547786263,1.0103580962170733,1.0500314671316584
3,10,30,2022-11-10 08:09:45.145419,real_early,,14.61,,7.0,,,-249.92,-241.2,,,,0.7395570629081044,1.2265164404688549,0.2228714427646575,0.1555497240970444,0.0,0.8154286165010676,0.9584161353834556
3,10,30,2022-11-10 08:09:45.145419,pure_competency,1.81,13.21,7.0,8.0,-185.27,-177.56,-245.74,-238.07,0.6170679316962719,0.4471021235705831,0.3613365252011543,0.889724364149132,1.0501271540789583,0.3235379640469301,0.531517658373619,0.8181874214989374,0.8929661188537447,1.0918359586923925
2,20,30,2022-11-10 08:10:44.932127,late_em,3.91,33.46,7.0,12.0,-273.16,-253.16,-333.79,-316.99,3.592408382877322,2.851898949383409,0.0572756492761103,3.730399064714021,2.167700371838684,0.4873817343725553,0.5387728835047287,0.5110701272680737,0.6942545676006349,0.8718273001347436
2,20,30,2022-11-10 08:10:44.932127,initial,0.0,0.0,0.0,0.0,-273.21,-337.64,-335.4,-404.46,1.713567372250257,0.7009528958567717,0.2962777413171634,1.3920404200030068,1.8687335699595664,0.4012768028431248,0.3537950819330308,0.5460663452361998,1.0733623063469702,0.8021811929189291
2,20,30,2022-11-10 08:10:44.932127,difference,4.8,4.28,8.0,7.0,-273.03,-251.93,-354.03,-339.44,4.170079659173656,2.344256449231626,0.0572756492761103,3.086862671149828,1.4959765953217514,0.3097276541761712,0.3938754244365876,0.5076890491198346,0.7950982272376742,0.7280293593704542
2,20,30,2022-11-10 08:10:44.932127,real_early,,20.9,,8.0,,,-344.67,-327.7,,,,3.284674386968992,2.7807325288633526,0.4278722648174335,0.3855874576539025,0.0,0.7165907142146132,0.7919014504652411
2,20,30,2022-11-10 08:10:44.932127,pure_competency,4.22,16.41,7.0,8.0,-274.77,-251.72,-330.5,-314.53,3.4562361556153247,2.749846733669964,0.0572756492761103,3.4011481726955,2.7468264533104065,0.4483058607111157,0.5338457164684728,0.5233115076368204,0.746748633362279,0.8252815413730439
3,20,30,2022-11-10 08:12:16.350847,late_em,5.15,45.4,8.0,9.0,-316.42,-295.87,-311.17,-283.27,1.191008160131031,1.1164693458735588,0.1556836928590217,7.353919842158235,6.433005735210687,0.4285415952843888,0.2773027667450226,0.6529547547032296,0.747651613280986,0.8790751098609983
3,20,30,2022-11-10 08:12:16.350847,initial,0.0,0.0,0.0,0.0,-315.95,-336.71,-308.44,-398.5,1.4019253008637,0.874361362880108,0.1792100319612592,3.342563460641474,1.6687788620715127,0.283473151775927,0.3119375614160986,0.6896923485108029,1.126203463210786,0.8310667071195682
3,20,30,2022-11-10 08:12:16.350847,difference,5.23,9.64,8.0,11.0,-315.46,-296.98,-349.82,-309.58,1.1584735777285249,1.101062182959786,0.157570238306604,6.85280692758387,3.5078868879839,0.3376601095880936,0.375084601602877,0.6353319808796721,0.9319996903043908,0.846857111480897
3,20,30,2022-11-10 08:12:16.350847,real_early,,63.57,,11.0,,,-324.99,-299.32,,,,12.212049213490667,9.21487198816178,0.4991771217602915,0.7860521738408971,0.0,0.7853976247616375,1.053529937587863
3,20,30,2022-11-10 08:12:16.350847,pure_competency,4.94,41.98,8.0,11.0,-316.15,-299.68,-319.47,-291.83,1.3473063080843144,1.028112003033678,0.311028065900455,9.456966607163029,9.89832061511936,0.39895326453954,0.6422863537847708,0.6883629219283367,0.8484343448051425,0.9085735723896954
2,10,100,2022-11-10 08:15:17.894293,late_em,1.83,20.72,6.0,8.0,-515.56,-506.1,-650.86,-650.97,0.7226233046936074,0.4408544933474703,0.0308298556597334,1.7129765678999405,0.5049935475574855,0.4587300567872133,0.8185166629336265,0.666273049994884,0.5888428826930007,0.6546432402834192
2,10,100,2022-11-10 08:15:17.894293,initial,0.0,0.0,0.0,0.0,-515.29,-529.31,-658.86,-759.87,1.124029792803219,0.3551450263232298,0.0054447222151364,1.5039505265855502,1.4349190047630118,0.5265458811917533,0.8497150963705423,0.6901336681977557,1.1039470236351805,0.7404866386757091
2,10,100,2022-11-10 08:15:17.894293,difference,2.07,2.25,7.0,7.0,-515.08,-505.57,-733.35,-694.35,0.6896590966842746,0.4443182723271412,0.0019805302320337,0.9723243961669004,0.4038773997319428,0.3345565688829194,0.6130802586582506,0.7606951550624205,1.0271591486642266,0.6859980799651404
2,10,100,2022-11-10 08:15:17.894293,real_early,,16.39,,7.0,,,-677.9,-706.26,,,,1.8779596239014444,0.7758207000792369,0.4707316831274478,0.8791580247600541,0.0,0.650089204445191,0.7068072337539326
2,10,100,2022-11-10 08:15:17.894293,pure_competency,1.64,17.62,6.0,8.0,-515.81,-510.98,-693.94,-676.24,0.7336629820721805,0.3740804045972896,0.3589981128084102,1.2120564111248198,0.4781453949996848,0.638171506580365,1.1144796867795357,0.7111040292336843,0.7952253457210235,0.8173161181798072
3,10,100,2022-11-10 08:16:27.696332,late_em,2.46,37.45,7.0,7.0,-571.51,-559.91,-822.85,-812.39,0.679312587734428,0.4018708275164788,0.1949143800635436,0.5309634290478926,0.7785060707960764,0.3149565419757674,0.3796120636767078,0.6242848335303827,0.7024148532935068,0.8566504205598738
3,10,100,2022-11-10 08:16:27.696332,initial,0.0,0.0,0.0,0.0,-571.23,-586.82,-773.91,-949.82,1.2510401899442938,0.3414549621612305,0.2535800421519362,1.010072563163487,1.3982274826003112,0.314137347880403,0.5347767052185841,0.662970906300699,1.139908302495179,0.8554412141123501
3,10,100,2022-11-10 08:16:27.696332,difference,2.34,2.44,7.0,7.0,-570.09,-558.2,-908.79,-897.63,0.5560468067863517,0.3673703657161687,0.2078580578717655,0.3585667925174314,0.5094183909802964,0.3117960704319552,0.7084613286501226,0.6766923608391154,1.110827348766663,0.8899256501031434
3,10,100,2022-11-10 08:16:27.696332,real_early,,36.42,,7.0,,,-871.28,-867.27,,,,0.3714256226432812,0.3719369526376685,0.3573871585705215,0.3772089488746404,0.0,0.7812015926373045,0.9622634198257564
3,10,100,2022-11-10 08:16:27.696332,pure_competency,2.1,32.27,7.0,8.0,-572.54,-558.07,-846.73,-831.4,0.769716702221743,0.5531261249331916,0.288622309909989,0.496365160909707,0.5653612691677825,0.4097007460779104,0.7501172151459374,0.6552565126397945,0.843092165731728,0.9071312302761912
2,20,100,2022-11-10 08:18:35.767578,late_em,3.55,37.31,6.0,9.0,-1075.65,-1056.82,-1158.72,-1141.89,0.4015298386168683,0.2366430551551671,0.0301935423559409,1.2266046535234745,0.6834718153671681,0.2107880570620641,0.3649884655711739,0.5549014453792267,0.6210181208033255,0.6412039435764924
2,20,100,2022-11-10 08:18:35.767578,initial,0.0,0.0,0.0,0.0,-1075.21,-1086.26,-1159.93,-1396.73,0.6629382452542765,0.2793888690513428,0.056922095885517,1.858215583204206,1.1172546389447202,0.3576644726555882,0.6264401407955912,0.6018684158433629,1.133600912961099,0.6900572911646609
2,20,100,2022-11-10 08:18:35.767578,difference,3.3,4.5,6.0,7.0,-1075.15,-1056.55,-1203.43,-1176.9,0.4144532196817869,0.2209857733165783,0.019374790321446,0.8581109241539463,0.6590770064252489,0.2755462757800575,0.5010336246428471,0.5928368449366717,0.9077272044645828,0.6628888645392467
2,20,100,2022-11-10 08:18:35.767578,real_early,,27.82,,7.0,,,-1176.84,-1216.6,,,,0.9165473462967938,1.0595079054314065,0.9496783007945376,2.116971682616468,0.0,0.8158882420728906,1.400927286615787
2,20,100,2022-11-10 08:18:35.767578,pure_competency,3.13,19.17,6.0,6.0,-1075.38,-1064.02,-1191.81,-1183.48,0.3902006926082783,0.2116246510328613,0.4104754864787908,0.8364364715854523,1.0645379821923158,0.5173677291107095,0.9754020804266772,0.5807813078564001,0.8245926996426773,0.7946551198527738
3,20,100,2022-11-10 08:20:22.591520,late_em,4.88,68.34,7.0,8.0,-1056.36,-1037.68,-1231.84,-1200.33,0.7936171149071035,0.621751565789689,0.1781125050198453,0.6720252903546003,0.6629431516989083,0.3332894787818341,0.3550973731871927,0.4728985680811794,0.6906524489139805,0.723116011489423
3,20,100,2022-11-10 08:20:22.591520,initial,0.0,0.0,0.0,0.0,-1057.71,-1133.62,-1240.6,-1519.68,1.6168098108238966,0.9042751825243488,0.2810499402043859,0.9710740966900724,1.5384339227395838,0.3367123426111176,0.3595810834228569,0.57485147875394,1.1235015435946123,0.7798644185780885
3,20,100,2022-11-10 08:20:22.591520,difference,5.19,3.86,7.0,6.0,-1056.54,-1042.79,-1384.91,-1349.71,0.9624522037418648,0.7182815703872557,0.2115589673511068,0.6116062720250122,0.7061231670240768,0.2781249079727257,0.4143762221500334,0.5024030796739867,0.8794240590677309,0.7143665381748188
3,20,100,2022-11-10 08:20:22.591520,real_early,,74.9,,8.0,,,-1251.61,-1232.76,,,,0.6721549560512923,0.8234709651929212,0.3367096523712975,0.3595556810534048,0.0,0.6039078289712787,0.7235750462835762
3,20,100,2022-11-10 08:20:22.591520,pure_competency,4.5,33.0,7.0,6.0,-1054.99,-1047.99,-1263.72,-1249.26,0.8773149458714068,0.6928674960451804,0.3091029350304595,0.6135270140954789,1.0116071809316771,0.4095697805271537,0.5888865505113293,0.5017553067234423,0.848606343083677,0.7756993957733594
2,10,200,2022-11-10 08:23:49.179982,late_em,2.48,26.57,7.0,7.0,-1037.41,-1033.58,-1276.22,-1246.04,1.628459105200533,0.2500268498100273,0.0019091883092037,0.8203202434663528,0.7071610014110298,0.0956949188828748,0.1072622021030707,0.6255008693730288,0.6041805756771729,0.6101946825319502
2,10,200,2022-11-10 08:23:49.179982,initial,0.0,0.0,0.0,0.0,-1038.09,-1090.35,-1348.76,-1646.32,2.5462396383480974,0.4922414806370742,0.0303348809129029,1.4440467762899862,1.272094878277743,0.2567806602920088,0.3545856596085069,0.6484185663870419,1.0200467483666162,0.662637303211877
2,10,200,2022-11-10 08:23:49.179982,difference,1.9,2.6,6.0,7.0,-1038.47,-1032.28,-1431.75,-1480.22,1.5237366088342663,0.1617049131332529,0.0183140656327315,0.6228472928609772,0.941238198892879,0.2460917987316734,0.3489218153236964,0.6021469463091753,0.8960333212838346,0.6696083950190616
2,10,200,2022-11-10 08:23:49.179982,real_early,,25.77,,7.0,,,-1362.84,-1341.5,,,,0.377408671811028,0.4033921795241202,0.2036023943867065,0.1365117852055272,0.0,0.5229968434762804,0.5546066814643307
2,10,200,2022-11-10 08:23:49.179982,pure_competency,2.16,27.83,7.0,7.0,-1036.85,-1038.31,-1328.07,-1320.2,1.7970895677788763,0.244916366670393,0.3838882715061767,0.6017941770801154,0.8025246019315768,0.321909368789241,0.525821573213909,0.6858460979703855,0.7229588680615882,0.6689262258819252
3,10,200,2022-11-10 08:25:32.026319,late_em,2.72,56.28,7.0,7.0,-1062.56,-1042.81,-1620.4,-1544.03,0.4143129660616193,0.6441371624653324,0.2316799732389487,1.8495195578884456,0.4150802683107097,0.2886908438681999,0.5457402943606866,0.6897530366909166,0.7671929018636048,0.8497591771576946
3,10,200,2022-11-10 08:25:32.026319,initial,0.0,0.0,0.0,0.0,-1062.78,-1124.64,-1626.83,-2277.94,1.0642126574617996,0.5916243263718526,0.2032070646191,2.1342067618460487,1.5100150493248028,0.2703468574504489,0.3221693550500006,0.6965173008731508,1.032575420142108,0.8672609372373165
3,10,200,2022-11-10 08:25:32.026319,difference,2.74,2.08,7.0,6.0,-1061.36,-1043.4,-1846.17,-1828.03,0.3814965817764922,0.6074333511158021,0.2280079262754794,1.9094545427694392,0.2499928511848794,0.3769017328938526,0.7465651431251247,0.7331381381202551,1.0621962301324137,0.9396467396214894
3,10,200,2022-11-10 08:25:32.026319,real_early,,45.9,,6.0,,,-1778.94,-1759.24,,,,1.838452559267597,0.6557447808189252,0.3072649417757327,0.2952998532565388,0.0,0.7600957095979305,0.9970117372735848
3,10,200,2022-11-10 08:25:32.026319,pure_competency,2.4,44.15,7.0,6.0,-1061.7,-1071.85,-1650.93,-1650.6,0.4994667588384269,0.6297947678489367,0.3921504813206277,1.801657115900169,0.3616682470147271,0.3132032616747554,0.4514737340032322,0.7291488516380512,0.77522598940998,0.8735938070072352
2,20,200,2022-11-10 08:28:28.346646,late_em,4.76,35.39,7.0,6.0,-2089.18,-2066.47,-2418.21,-2397.05,1.007318830269173,0.3180674371977858,0.0646295791414427,0.9023464687012208,0.9980069411689666,0.2801984519942964,0.6817475980889115,0.4500147095091625,0.6791380317737639,0.6070593208912194
2,20,200,2022-11-10 08:28:28.346646,initial,0.0,0.0,0.0,0.0,-2087.02,-2225.66,-2390.47,-2883.74,1.849624530421657,0.5580444319602218,0.0743876333808248,1.3577490505060594,1.131418903251308,0.4160817798221883,0.7999249558552355,0.5167944278140171,1.2061576841405153,0.7196592102641265
2,20,200,2022-11-10 08:28:28.346646,difference,4.8,4.5,7.0,7.0,-2087.1,-2065.6,-2449.24,-2425.06,1.0989738573455656,0.3068209005548152,0.0738926755504224,0.8908333583730591,0.2910740999869487,0.2424401743624022,0.4798268319573996,0.4619952649157688,0.868963391765832,0.5735344918918187
2,20,200,2022-11-10 08:28:28.346646,real_early,,141.81,,15.0,,,-2374.05,-2400.05,,,,0.3729765140890708,0.7978590926747231,0.6042508729824062,1.375735041714065,0.0,0.614495988339356,1.0426105325113442
2,20,200,2022-11-10 08:28:28.346646,pure_competency,3.67,30.08,6.0,6.0,-2090.81,-2082.77,-2431.01,-2458.15,1.0759123970534383,0.3096251080101024,0.2791657572124489,0.8644446319441745,1.1429720873062983,0.5786262311567639,1.1342914116446106,0.4582085726909616,0.8187265804975565,0.8644364018683464
2,10,30,2022-11-10 08:41:12.137153,late_em,1.64,9.86,6.0,7.0,-182.07,-173.06,-219.62,-209.17,1.1005165900588474,0.5530045307631141,0.03712310601229374,2.0601808577496357,0.8713643983378361,0.3647993866497037,0.2632480009420774,0.6782187156997391,0.8059453098330002,0.7781601715794791
2,10,30,2022-11-10 08:41:12.137153,initial,0.0,0.0,0.0,0.0,-181.8,-184.81,-218.51,-237.2,1.0725380121035781,0.36574897315408855,0.051406662992261994,1.8051116909544296,1.3899029431020202,0.467213747256007,0.39407727985764407,0.6893101551585331,0.9210823574236171,0.8122568705862486
2,10,30,2022-11-10 08:41:12.137153,difference,1.65,2.26,6.0,8.0,-182.04,-172.65,-275.43,-257.57,1.0887742012802022,0.5758139419256156,0.05133597666354464,1.7416971983104443,0.7960685374870787,0.4295126026029962,0.630991278479009,0.7292915603665333,1.0376675909160273,0.835369038402266
2,10,30,2022-11-10 08:41:12.137153,real_early,,9.57,,7.0,,,-220.05,-212.79,,,,1.849153385474435,1.3169689044143154,0.45573033144613057,0.3310695206448337,0.0,0.653878795182915,0.7513547893916871
2,10,30,2022-11-10 08:41:12.137153,pure_competency,1.35,8.35,6.0,7.0,-182.03,-172.99,-221.98,-211.3,1.0779231297440568,0.5415574245299689,0.30214672760101174,1.9293944701094448,0.8448426507724208,0.46762152679863833,0.39600723390104675,0.7219384326479896,0.8090670479485998,0.765780865887967
3,10,30,2022-11-10 08:41:49.625824,late_em,3.74,13.08,11.0,6.0,-169.03,-152.47,-206.79,-196.12,1.634164540971561,1.1204908076263667,0.20519214843111752,2.875680294376617,1.9656934362667078,0.26747460730984457,0.5781412562879614,0.7457162806602003,0.7385154346313778,0.7478192831860487
3,10,30,2022-11-10 08:41:49.625824,initial,0.0,0.0,0.0,0.0,-167.82,-173.02,-197.46,-215.42,1.145362320667955,0.7682222799522509,0.2764143186514685,1.3139845241048032,1.1064090366066186,0.32086345313163284,0.34222931558305236,0.812903958822378,0.8597949527926474,0.776966532705455
3,10,30,2022-11-10 08:41:49.625824,difference,2.63,3.64,8.0,10.0,-168.76,-153.11,-234.6,-230.39,1.3474170860845511,1.086309623323536,0.21224914605246353,2.7447939675244273,3.0968137271000318,0.4772448472738743,1.0312674489322997,0.7743004919182249,1.261754459816788,0.9124841692049164
3,10,30,2022-11-10 08:41:49.625824,real_early,,24.57,,9.0,,,-228.88,-215.42,,,,3.8858183674614413,2.58055668742987,0.5389895072159465,0.9689379919387113,0.0,0.7213554335383499,0.9809480494682012
3,10,30,2022-11-10 08:41:49.625824,pure_competency,1.83,9.81,7.0,6.0,-167.75,-156.65,-218.9,-201.36,1.1252513331352758,1.0063730160642645,0.253430656744163,1.7746392347682958,1.8467275787928086,0.41266993972179417,0.6216859326236835,0.7603406265920748,0.8075904479921817,0.8494615851579076
2,20,30,2022-11-10 08:42:53.105788,late_em,3.95,19.51,7.0,8.0,-328.36,-300.64,-351.22,-321.72,1.850186677376358,1.8219718113410328,0.03302188668141174,11.22532005074753,7.764635626084969,0.26195461438959233,0.11366757453205378,0.6418715405671093,0.6179763535252011,0.7568129817746237
2,20,30,2022-11-10 08:42:53.105788,initial,0.0,0.0,0.0,0.0,-327.89,-339.98,-338.33,-400.11,0.8663313016616705,0.4006948632930826,0.10436896090313441,3.7078067313917082,1.1412769832228984,0.3303976959665427,0.29533929640330625,0.6544943998403747,1.1282387598984664,0.8262325820915524
2,20,30,2022-11-10 08:42:53.105788,difference,3.72,4.55,7.0,8.0,-327.86,-300.79,-369.24,-342.41,1.8958342419458127,1.9428035585856196,0.04978031739553296,1.4637512711662246,2.3571091092390177,0.31561297320970383,0.6361256933457226,0.670180965831339,0.8541528527504576,0.7993365240294179
2,20,30,2022-11-10 08:42:53.105788,real_early,,25.77,,10.0,,,-363.04,-340.27,,,,7.159889350742551,8.78662709951326,0.6172600323202532,0.7726232280355023,0.0,0.7491495433069109,1.1966587959216823
2,20,30,2022-11-10 08:42:53.105788,pure_competency,3.93,13.69,7.0,7.0,-328.33,-300.7,-348.84,-320.37,1.8317926377082714,1.935737461781832,0.24918442969013935,1.8253443984086597,2.450364265370812,0.40094471141787746,0.541849975967389,0.6658609429016785,0.7412184068637158,0.8130478765996814
3,20,30,2022-11-10 08:44:11.533642,late_em,5.67,36.41,8.0,9.0,-309.0,-278.98,-418.47,-376.56,1.7141617193839407,1.3060546554743366,0.1360403698253655,1.7447495485153597,1.860481968698348,0.287611402571054,0.3489902020273794,0.5328131379800206,0.8431365622364569,0.8166554148214781
3,20,30,2022-11-10 08:44:11.533642,initial,0.0,0.0,0.0,0.0,-309.37,-335.73,-378.88,-481.98,2.295135989887943,0.6657781006333074,0.15654078630752363,0.9917587529051872,1.1125361095076982,0.2876319856460103,0.3490289656875041,0.6337253184711642,1.4210380483702858,0.8406293209841349
3,20,30,2022-11-10 08:44:11.533642,difference,6.18,5.04,9.0,8.0,-308.89,-279.21,-431.56,-409.2,1.555362655773882,1.3624092483313497,0.13645528368093499,1.0247335859043338,2.1455289456049362,0.3465416648588974,0.6448188249624078,0.5508826680522175,1.0586633614972953,0.8329287378325199
3,20,30,2022-11-10 08:44:11.533642,real_early,,29.36,,8.0,,,-396.18,-374.9,,,,1.997702653668957,1.3850641772904404,0.3187019436540808,0.23523563127685873,0.0,0.6449087399714923,0.806157998459986
3,20,30,2022-11-10 08:44:11.533642,pure_competency,5.28,18.25,8.0,7.0,-309.7,-281.74,-395.36,-373.79,1.824659273777239,1.2712738018747607,0.315479381259695,1.1213944865078054,1.4415940988969973,0.4044471748364316,0.6672350793797539,0.562036998683646,0.80707184650579,0.9031079608069368
2,10,100,2022-11-10 08:46:02.540663,late_em,2.1,15.99,7.0,7.0,-613.26,-607.47,-694.07,-682.17,0.4787567916038938,0.27250735638301443,0.027930762610426523,0.7820105412644438,1.3268893594405073,0.38590168760968124,0.02815146532598259,0.7351313638462625,0.7733029833662776,0.7790320505271819
2,10,100,2022-11-10 08:46:02.540663,initial,0.0,0.0,0.0,0.0,-613.48,-644.16,-682.86,-814.68,1.06712878285898,0.29007744242938216,0.21651609639932087,1.0719765199573958,2.004619291923087,0.39090925097776846,0.21213203435596428,0.8083383123869365,1.1214883321104965,0.7953214029693955
2,10,100,2022-11-10 08:46:02.540663,difference,1.78,1.53,6.0,6.0,-612.97,-607.52,-886.41,-829.83,0.5792040058011079,0.2683077138109738,0.04681046891454945,0.8624793652964556,1.3641558549313961,0.33511703175073837,0.7133579536206847,0.8139936709410839,1.1507030755970047,0.8654085819242248
2,10,100,2022-11-10 08:46:02.540663,real_early,,17.59,,7.0,,,-757.24,-741.59,,,,0.7237770859609881,1.4597262232869122,0.3942997305350334,0.07412683387276166,0.0,0.7114959797326644,0.7836460527913743
2,10,100,2022-11-10 08:46:02.540663,pure_competency,1.99,13.89,7.0,7.0,-613.09,-607.53,-687.22,-683.81,0.4296151406143224,0.2606614127685987,0.1370372941939529,0.8070626190810773,1.3178454008926963,0.3948377925345067,0.23947308753613342,0.7347776777803382,0.7604768830034376,0.7523210422188069
2,20,100,2022-11-10 08:48:17.298598,late_em,4.16,25.05,7.0,7.0,-1132.26,-1108.09,-1223.88,-1196.44,0.5518608043580073,0.35520855248969097,0.014637110370561531,0.4400063518714365,0.5932562414443326,0.24433831566088854,0.408496474892991,0.6239830939490065,0.7585805087220018,0.8678973950601718
2,20,100,2022-11-10 08:48:17.298598,initial,0.0,0.0,0.0,0.0,-1131.57,-1163.51,-1210.98,-1378.85,0.6213792546198875,0.34414547998793105,0.18504984463651947,1.1737496466450197,0.9909151925280165,0.295057761294293,0.3362915699211028,0.7085524364357791,1.0693489627713504,0.8854448843760647
2,20,100,2022-11-10 08:48:17.298598,difference,4.47,4.01,7.0,7.0,-1132.64,-1107.81,-1304.69,-1304.88,0.5500727886064853,0.35609446732972977,0.010465299804592303,0.5661129867694382,0.6533045164238236,0.23290050514279292,0.3236410152606498,0.6078345088737696,0.808967179627905,0.8546181292617817
2,20,100,2022-11-10 08:48:17.298598,real_early,,30.79,,7.0,,,-1251.48,-1248.37,,,,0.6563540097403541,0.799810878758445,0.3349853802780055,0.7661019954940728,0.0,0.666110419439057,0.9251672183156542
2,20,100,2022-11-10 08:48:17.298598,pure_competency,3.64,22.96,7.0,7.0,-1132.64,-1110.83,-1207.91,-1194.15,0.5355974594035419,0.3649166327298708,0.1685035459567543,0.4843131850229231,0.9318547185332586,0.40287317924536376,0.6434927227413436,0.6214037995262134,0.781980478127164,0.9390268506413704
3,20,100,2022-11-10 08:50:00.230434,late_em,3.9,62.82,6.0,8.0,-1105.97,-1084.66,-1235.4,-1201.67,0.8139152973546852,0.35094436099057585,0.056050205669163744,0.610869042090321,0.4709086483393903,0.31640163470570826,0.3214577197012938,0.6296694675061969,0.740430412250936,0.9072485404479405
3,20,100,2022-11-10 08:50:00.230434,initial,0.0,0.0,0.0,0.0,-1105.0,-1168.27,-1177.48,-1483.81,1.8414993922667713,0.3003597401314903,0.3137026688513256,1.7754007105033562,1.0779735382115903,0.31910665058009124,0.28533516354553207,0.6969899739186509,1.2151739325960216,0.890813088044742
3,20,100,2022-11-10 08:50:00.230434,difference,4.73,5.0,7.0,7.0,-1102.96,-1084.61,-1528.77,-1474.37,0.5670552224249606,0.3986354961128158,0.06156487995963644,0.7674946793057091,0.9467818039803417,0.28198735333941316,0.5838781575606115,0.6505193119472796,0.9435500105188559,0.925756340364925
3,20,100,2022-11-10 08:50:00.230434,real_early,,38.54,,6.0,,,-1325.57,-1308.17,,,,1.015823602223606,0.8724091158703959,0.5959872873364555,1.0090319001674604,0.0,0.971982263086419,1.2935961311824302
3,20,100,2022-11-10 08:50:00.230434,pure_competency,3.67,35.38,6.0,6.0,-1103.03,-1091.47,-1224.24,-1217.2,0.87038432016393,0.32999587199243274,0.13859785151453266,0.8940931110196816,0.6771743071495199,0.3766715088405758,0.4915543103937974,0.6161848926204638,0.756583211330854,0.9207653770499862
2,10,200,2022-11-10 08:52:45.666125,late_em,1.75,18.65,6.0,6.0,-1137.93,-1129.52,-1493.68,-1458.52,1.5505379780638262,0.3038455993755889,0.02941568459172757,0.6030831778228303,0.4174521719068725,0.8354952034572071,0.8646989244818106,0.5706997035649972,0.9589294570408171,1.1269289489557701
2,10,200,2022-11-10 08:52:45.666125,initial,0.0,0.0,0.0,0.0,-1139.25,-1155.25,-1416.1,-1617.09,1.7443645228480982,0.3289282547413954,0.08923687578574228,0.986926319415322,0.7574709866804903,0.2621963481820447,0.5494615000161521,0.5942748212705651,1.0654012538669186,0.8779701992870508
2,10,200,2022-11-10 08:52:45.666125,difference,1.67,2.76,6.0,8.0,-1138.51,-1130.84,-1489.7,-1479.39,1.613043985939465,0.2893401999508423,0.012728020270254142,0.35413202138695826,0.5314355829563377,0.29994228171183973,0.6374124423540471,0.6066033062213979,0.9959280499313137,0.903286034585345
2,10,200,2022-11-10 08:52:45.666125,real_early,,41.17,,10.0,,,-1395.22,-1387.31,,,,0.4543153739702944,0.4411737237130087,0.16607526908001685,0.31155250360091796,0.0,0.5976889144114206,0.8085580538318937
2,10,200,2022-11-10 08:52:45.666125,pure_competency,1.67,20.21,6.0,6.0,-1139.07,-1140.71,-1439.41,-1428.06,1.4049191302205508,0.3082165355178265,0.44279026637901603,0.3750121541910263,0.2529509833480788,0.4031917420813289,0.8229061693354276,0.6193806243510862,0.8002177243604306,0.9211185105070967
